{"train_loss": [0.952938613243103], "train_acc": [0.66986], "val_loss": [0.6052066744804382], "val_acc": [0.7962]}